,intercept,slope,pval_inter,pval_slope,r_squared
Heinze_nt,0.9437959675014369,0.00021106169864133165,0.254233975217232,0.611479047088974,0.9984998072702845
Moureau_nt,-0.227017261083442,0.0008283476797716553,0.8472480032691357,0.166646006983638,0.9933860937876157
Pettersson_nt,2.799265489307289,-0.00011454424820343356,0.06739392262857091,0.8812946300487665,0.9970666850296602
Heinze_aa,0.6538200870322628,-3.0003689879948107e-05,0.14338688545237474,0.8930574408695602,0.9977227716674527
Moureau_aa,0.277209137686369,0.00026461794357696784,0.7731437660130726,0.5865961766880872,0.9864174446707522
Pettersson_aa,1.939056940699233,-0.00022034614959498045,0.0296497556006509,0.6206909991906824,0.9971108393260757
